"Labour force characteristics, monthly, seasonally adjusted and trend-cycle 1 2 3"
"Frequency: Monthly"
"Table: 14-10-0287-01 (formerly CANSIM 282-0087)"
"Release date: 2026-07-10"
"Geography: Canada, Province or territory"
""
""

,"Geography 4","Canada",,,,,,,,,,,,,,,,,,,,,,,,,,,,,,,,,,,,,,,,,,,,,,,,,,,,,,,,,,,,,,,,,,,,,,,,,,,,,,,,,,,,,,,,,,,,,,,,,,,,,,,,,,,,,,,,,,,,,,,,,,,,,,,,,,,,,,,,,,,,,,,,,,,,,,,,,,,,,,,,,,,,,,,,,,,,,,,,,,,,,,,,,,,,,,,,,,,,,,,,,,,,,,,,,,,,,,,,,,,,,,,,,,,
,"Gender 5 6","Men+",,,,,,,,,,,,,,,,,,,,,,,,,,,,,,,,,,,,,,,,,,,,,,,,,,,,,,,,,,,,,,,,,,,,,,,,,,,,,,,,,,,,,,,,,,,,,,,,,,,,,,,,,,,,,,,,,,"Women+",,,,,,,,,,,,,,,,,,,,,,,,,,,,,,,,,,,,,,,,,,,,,,,,,,,,,,,,,,,,,,,,,,,,,,,,,,,,,,,,,,,,,,,,,,,,,,,,,,,,,,,,,,,,,,,,,
,"Age group","15 years and over",,,,,,,,,,,,,,,,,,,,,,,,,,,,,,,,,,,,,,,,,,,,,,,,,,,,,,,,,,,,,,,,,,,,,,,,,,,,,,,,,,,,,,,,,,,,,,,,,,,,,,,,,,,,,,,,,,"15 years and over",,,,,,,,,,,,,,,,,,,,,,,,,,,,,,,,,,,,,,,,,,,,,,,,,,,,,,,,,,,,,,,,,,,,,,,,,,,,,,,,,,,,,,,,,,,,,,,,,,,,,,,,,,,,,,,,,
,"Statistics","Estimate",,,,,,,,,,,,,,,,,,,,,,,,,,,,,,,,,,,,,,,,,,,,,,,,,,,,,,,,,,,,,,,,,,,,,,,,,,,,,,,,,,,,,,,,,,,,,,,,,,,,,,,,,,,,,,,,,,"Estimate",,,,,,,,,,,,,,,,,,,,,,,,,,,,,,,,,,,,,,,,,,,,,,,,,,,,,,,,,,,,,,,,,,,,,,,,,,,,,,,,,,,,,,,,,,,,,,,,,,,,,,,,,,,,,,,,,
"Labour force characteristics","Data type","January 2017","February 2017","March 2017","April 2017","May 2017","June 2017","July 2017","August 2017","September 2017","October 2017","November 2017","December 2017","January 2018","February 2018","March 2018","April 2018","May 2018","June 2018","July 2018","August 2018","September 2018","October 2018","November 2018","December 2018","January 2019","February 2019","March 2019","April 2019","May 2019","June 2019","July 2019","August 2019","September 2019","October 2019","November 2019","December 2019","January 2020","February 2020","March 2020","April 2020","May 2020","June 2020","July 2020","August 2020","September 2020","October 2020","November 2020","December 2020","January 2021","February 2021","March 2021","April 2021","May 2021","June 2021","July 2021","August 2021","September 2021","October 2021","November 2021","December 2021","January 2022","February 2022","March 2022","April 2022","May 2022","June 2022","July 2022","August 2022","September 2022","October 2022","November 2022","December 2022","January 2023","February 2023","March 2023","April 2023","May 2023","June 2023","July 2023","August 2023","September 2023","October 2023","November 2023","December 2023","January 2024","February 2024","March 2024","April 2024","May 2024","June 2024","July 2024","August 2024","September 2024","October 2024","November 2024","December 2024","January 2025","February 2025","March 2025","April 2025","May 2025","June 2025","July 2025","August 2025","September 2025","October 2025","November 2025","December 2025","January 2026","February 2026","March 2026","April 2026","May 2026","June 2026","January 2017","February 2017","March 2017","April 2017","May 2017","June 2017","July 2017","August 2017","September 2017","October 2017","November 2017","December 2017","January 2018","February 2018","March 2018","April 2018","May 2018","June 2018","July 2018","August 2018","September 2018","October 2018","November 2018","December 2018","January 2019","February 2019","March 2019","April 2019","May 2019","June 2019","July 2019","August 2019","September 2019","October 2019","November 2019","December 2019","January 2020","February 2020","March 2020","April 2020","May 2020","June 2020","July 2020","August 2020","September 2020","October 2020","November 2020","December 2020","January 2021","February 2021","March 2021","April 2021","May 2021","June 2021","July 2021","August 2021","September 2021","October 2021","November 2021","December 2021","January 2022","February 2022","March 2022","April 2022","May 2022","June 2022","July 2022","August 2022","September 2022","October 2022","November 2022","December 2022","January 2023","February 2023","March 2023","April 2023","May 2023","June 2023","July 2023","August 2023","September 2023","October 2023","November 2023","December 2023","January 2024","February 2024","March 2024","April 2024","May 2024","June 2024","July 2024","August 2024","September 2024","October 2024","November 2024","December 2024","January 2025","February 2025","March 2025","April 2025","May 2025","June 2025","July 2025","August 2025","September 2025","October 2025","November 2025","December 2025","January 2026","February 2026","March 2026","April 2026","May 2026","June 2026"
,,"Persons in thousands",,,,,,,,,,,,,,,,,,,,,,,,,,,,,,,,,,,,,,,,,,,,,,,,,,,,,,,,,,,,,,,,,,,,,,,,,,,,,,,,,,,,,,,,,,,,,,,,,,,,,,,,,,,,,,,,,,,,,,,,,,,,,,,,,,,,,,,,,,,,,,,,,,,,,,,,,,,,,,,,,,,,,,,,,,,,,,,,,,,,,,,,,,,,,,,,,,,,,,,,,,,,,,,,,,,,,,,,,,,,,,,,,,,
"Population 7 8","Seasonally adjusted  (x 1,000)","14,591.7","14,604.7","14,620.6","14,636.7","14,657.1","14,674.4","14,693.3","14,716.7","14,734.8","14,752.5","14,769.6","14,786.2","14,809.3","14,825.5","14,844.9","14,869.7","14,890.3","14,911.8","14,936.4","14,952.6","14,968.8","14,985.2","15,000.0","15,014.2","15,031.7","15,043.7","15,058.6","15,078.9","15,096.7","15,116.3","15,145.2","15,168.4","15,195.7","15,218.7","15,239.9","15,259.1","15,279.2","15,299.1","15,321.8","15,336.0","15,348.6","15,366.1","15,381.9","15,396.1","15,411.8","15,421.7","15,429.1","15,433.3","15,439.2","15,448.5","15,455.6","15,462.0","15,468.4","15,482.2","15,497.4","15,516.4","15,532.2","15,551.5","15,572.9","15,594.2","15,614.0","15,634.0","15,654.7","15,675.3","15,700.3","15,725.0","15,751.5","15,781.9","15,809.7","15,839.2","15,867.3","15,895.6","15,935.3","15,978.9","16,023.8","16,064.8","16,113.6","16,163.0","16,212.8","16,264.9","16,312.3","16,362.0","16,411.0","16,460.1","16,517.9","16,570.2","16,622.2","16,681.0","16,738.5","16,794.1","16,853.4","16,904.5","16,953.2","16,991.4","17,023.0","17,053.5","17,081.4","17,105.1","17,131.0","17,157.2","17,175.2","17,197.6","17,215.4","17,228.9","17,241.8","17,252.7","17,260.3","17,264.2","17,265.4","17,267.2","17,271.3","17,274.1","17,280.0","17,291.7","14,983.7","14,996.5","15,012.1","15,027.9","15,047.9","15,065.1","15,083.0","15,104.6","15,120.8","15,136.7","15,152.1","15,167.1","15,187.6","15,202.2","15,220.2","15,243.1","15,261.8","15,281.3","15,304.6","15,320.6","15,336.4","15,352.1","15,366.4","15,379.5","15,396.1","15,407.2","15,421.3","15,440.7","15,457.8","15,476.8","15,504.2","15,525.9","15,551.9","15,573.1","15,592.5","15,609.8","15,628.1","15,646.0","15,666.6","15,678.2","15,689.0","15,704.7","15,718.2","15,729.8","15,742.6","15,750.6","15,756.7","15,760.4","15,764.7","15,773.4","15,780.0","15,786.1","15,792.0","15,805.3","15,821.4","15,843.1","15,860.8","15,881.1","15,903.0","15,924.6","15,945.4","15,966.5","15,987.4","16,008.2","16,032.9","16,056.7","16,082.8","16,112.2","16,138.6","16,166.0","16,191.3","16,216.3","16,252.6","16,291.7","16,331.4","16,367.7","16,411.0","16,454.0","16,497.5","16,543.4","16,583.7","16,625.7","16,666.9","16,708.2","16,758.5","16,803.3","16,847.4","16,897.9","16,947.0","16,994.2","17,046.4","17,090.7","17,136.6","17,172.3","17,202.2","17,231.5","17,259.4","17,283.1","17,309.0","17,336.4","17,355.4","17,379.6","17,399.4","17,415.3","17,430.1","17,442.7","17,452.8","17,458.7","17,462.8","17,468.3","17,475.3","17,481.5","17,490.0","17,505.0"
,"Trend-cycle 9","..","..","..","..","..","..","..","..","..","..","..","..","..","..","..","..","..","..","..","..","..","..","..","..","..","..","..","..","..","..","..","..","..","..","..","..","..","..","..","..","..","..","..","..","..","..","..","..","..","..","..","..","..","..","..","..","..","..","..","..","..","..","..","..","..","..","..","..","..","..","..","..","..","..","..","..","..","..","..","..","..","..","..","..","..","..","..","..","..","..","..","..","..","..","..","..","..","..","..","..","..","..","..","..","..","..","..","..","..","..","..","..","..","..","..","..","..","..","..","..","..","..","..","..","..","..","..","..","..","..","..","..","..","..","..","..","..","..","..","..","..","..","..","..","..","..","..","..","..","..","..","..","..","..","..","..","..","..","..","..","..","..","..","..","..","..","..","..","..","..","..","..","..","..","..","..","..","..","..","..","..","..","..","..","..","..","..","..","..","..","..","..","..","..","..","..","..","..","..","..","..","..","..","..","..","..","..","..","..","..","..","..","..","..","..","..","..","..","..","..","..","..","..","..","..","..","..",".."
"Labour force 10","Seasonally adjusted  (x 1,000)","10,310.3","10,318.7","10,346.6","10,349.9","10,378.0","10,365.9","10,365.1","10,388.1","10,390.9","10,424.1","10,447.9","10,482.0","10,448.6","10,452.7","10,474.7","10,455.3","10,448.9","10,500.9","10,512.5","10,467.8","10,506.3","10,496.6","10,551.1","10,554.1","10,602.6","10,631.9","10,628.3","10,680.0","10,659.4","10,671.4","10,700.4","10,739.3","10,692.3","10,691.8","10,708.6","10,729.5","10,704.0","10,778.2","10,482.8","9,900.2","10,257.4","10,645.4","10,742.9","10,768.9","10,829.6","10,830.8","10,785.8","10,783.4","10,720.8","10,765.3","10,838.0","10,773.7","10,759.0","10,857.2","10,884.6","10,861.1","10,916.8","10,873.5","10,922.5","10,926.9","10,860.9","10,932.3","10,907.0","10,968.5","10,944.7","10,903.0","10,930.7","10,980.9","10,972.9","11,000.2","11,041.3","11,073.2","11,141.6","11,153.1","11,203.0","11,226.6","11,240.7","11,327.5","11,330.2","11,374.8","11,423.7","11,488.2","11,513.6","11,521.6","11,515.9","11,583.3","11,638.4","11,667.5","11,679.2","11,699.5","11,715.1","11,776.2","11,787.1","11,800.5","11,873.9","11,894.6","11,902.9","11,912.0","11,889.9","11,941.7","11,945.0","11,974.3","11,982.3","11,972.7","11,980.3","11,974.1","11,965.8","12,018.7","11,925.6","11,888.3","11,922.9","11,923.4","11,916.4","11,921.2","9,201.2","9,193.7","9,202.6","9,194.8","9,237.7","9,281.4","9,288.5","9,273.7","9,277.1","9,297.8","9,318.4","9,336.0","9,297.2","9,305.8","9,310.4","9,301.8","9,333.0","9,360.3","9,423.8","9,433.2","9,441.8","9,436.8","9,454.9","9,468.5","9,465.7","9,498.8","9,480.9","9,528.3","9,511.0","9,528.4","9,534.1","9,561.0","9,589.9","9,582.8","9,585.2","9,596.7","9,622.2","9,606.6","9,242.4","8,731.4","8,873.7","9,332.3","9,351.1","9,395.2","9,588.6","9,620.6","9,621.0","9,621.0","9,534.7","9,595.7","9,611.9","9,577.2","9,545.8","9,657.2","9,655.9","9,687.7","9,788.8","9,750.8","9,776.9","9,814.3","9,769.8","9,832.4","9,855.7","9,857.7","9,902.8","9,875.1","9,863.9","9,884.3","9,889.8","9,955.1","9,941.2","9,976.4","10,039.7","10,086.5","10,090.9","10,096.1","10,124.5","10,150.8","10,198.9","10,213.6","10,230.8","10,249.5","10,261.9","10,272.2","10,282.7","10,311.5","10,332.9","10,368.0","10,408.7","10,431.6","10,432.2","10,444.3","10,444.8","10,471.7","10,527.9","10,542.7","10,579.3","10,557.3","10,594.9","10,578.5","10,600.4","10,614.8","10,595.9","10,573.9","10,625.7","10,660.2","10,654.1","10,679.1","10,653.1","10,663.1","10,643.8","10,676.7","10,687.5","10,687.7"
,"Trend-cycle 9","..","..","..","..","..","..","..","..","..","..","..","..","..","..","..","..","..","..","..","..","..","..","..","..","..","..","..","..","..","..","..","..","..","..","..","..","..","..","..","..","..","..","..","..","..","..","..","..","..","..","..","..","..","..","..","..","..","..","..","..","..","..","..","..","..","..","..","..","..","..","..","..","..","..","..","..","..","..","..","..","..","..","..","..","..","..","..","..","..","..","..","..","..","..","..","..","..","..","..","..","..","..","..","..","..","..","..","..","..","..","..","..","..","..","..","..","..","..","..","..","..","..","..","..","..","..","..","..","..","..","..","..","..","..","..","..","..","..","..","..","..","..","..","..","..","..","..","..","..","..","..","..","..","..","..","..","..","..","..","..","..","..","..","..","..","..","..","..","..","..","..","..","..","..","..","..","..","..","..","..","..","..","..","..","..","..","..","..","..","..","..","..","..","..","..","..","..","..","..","..","..","..","..","..","..","..","..","..","..","..","..","..","..","..","..","..","..","..","..","..","..","..","..","..","..","..","..",".."
"Employment 11","Seasonally adjusted  (x 1,000)","9,543.3","9,580.9","9,595.0","9,622.7","9,627.9","9,648.6","9,678.9","9,710.9","9,697.0","9,731.7","9,775.1","9,813.7","9,799.8","9,791.6","9,828.7","9,811.4","9,814.3","9,852.3","9,856.2","9,810.2","9,883.8","9,879.8","9,922.6","9,930.5","9,956.3","9,963.0","9,969.4","10,034.8","10,026.4","10,026.4","10,045.4","10,071.7","10,071.9","10,061.1","10,043.4","10,089.8","10,096.6","10,119.8","9,673.9","8,586.1","8,813.8","9,328.2","9,495.2","9,604.1","9,795.6","9,810.4","9,820.0","9,815.9","9,763.1","9,874.1","9,989.2","9,891.1","9,884.1","9,962.1","10,025.5","10,044.0","10,114.4","10,146.5","10,208.2","10,263.5","10,172.6","10,301.5","10,334.2","10,359.3","10,343.6","10,345.0","10,382.2","10,399.2","10,397.4","10,442.0","10,457.3","10,499.4","10,548.2","10,564.5","10,618.5","10,629.9","10,648.5","10,712.5","10,715.6","10,758.1","10,779.5","10,809.9","10,823.5","10,829.1","10,843.8","10,866.1","10,880.2","10,926.0","10,918.9","10,908.2","10,927.9","10,954.3","10,964.7","10,976.2","11,005.3","11,068.6","11,086.5","11,084.8","11,050.2","11,086.2","11,071.6","11,113.2","11,094.6","11,070.5","11,108.1","11,125.7","11,163.1","11,174.8","11,142.6","11,077.3","11,101.1","11,081.3","11,103.4","11,119.2","8,629.2","8,635.6","8,646.5","8,648.9","8,685.0","8,722.8","8,738.1","8,725.5","8,745.5","8,743.4","8,775.4","8,806.0","8,777.1","8,778.7","8,801.4","8,801.5","8,807.4","8,825.3","8,907.7","8,894.4","8,913.7","8,935.2","8,946.8","8,962.3","8,964.2","9,002.7","8,963.5","9,019.0","9,040.9","9,052.2","9,027.0","9,062.3","9,070.9","9,069.8","9,053.4","9,096.7","9,108.1","9,083.1","8,384.2","7,499.7","7,596.8","8,141.1","8,400.3","8,525.2","8,760.3","8,806.0","8,830.1","8,775.8","8,629.1","8,757.9","8,883.8","8,782.7","8,739.5","8,932.2","8,991.0","9,037.7","9,136.7","9,141.6","9,229.1","9,245.3","9,132.7","9,327.5","9,313.6","9,350.4","9,419.8","9,405.8","9,405.3","9,382.0","9,398.7","9,440.8","9,466.4","9,499.1","9,549.3","9,578.7","9,596.2","9,612.2","9,605.4","9,612.6","9,641.3","9,665.5","9,693.6","9,691.9","9,698.7","9,701.4","9,708.3","9,727.7","9,740.7","9,748.9","9,788.3","9,800.0","9,797.3","9,806.1","9,831.3","9,828.6","9,836.8","9,866.1","9,900.4","9,900.8","9,914.1","9,880.5","9,902.8","9,927.5","9,923.7","9,886.1","9,901.8","9,957.9","9,972.8","9,971.2","9,978.6","9,960.0","9,950.3","9,952.4","10,018.1","10,020.5"
,"Trend-cycle 9","..","..","..","..","..","..","..","..","..","..","..","..","..","..","..","..","..","..","..","..","..","..","..","..","..","..","..","..","..","..","..","..","..","..","..","..","..","..","..","..","..","..","..","..","..","..","..","..","..","..","..","..","..","..","..","..","..","..","..","..","..","..","..","..","..","..","..","..","..","..","..","..","..","..","..","..","..","..","..","..","..","..","..","..","..","..","..","..","..","..","..","..","..","..","..","..","..","..","..","..","..","..","..","..","..","..","..","..","..","..","..","..","..","..","..","..","..","..","..","..","..","..","..","..","..","..","..","..","..","..","..","..","..","..","..","..","..","..","..","..","..","..","..","..","..","..","..","..","..","..","..","..","..","..","..","..","..","..","..","..","..","..","..","..","..","..","..","..","..","..","..","..","..","..","..","..","..","..","..","..","..","..","..","..","..","..","..","..","..","..","..","..","..","..","..","..","..","..","..","..","..","..","..","..","..","..","..","..","..","..","..","..","..","..","..","..","..","..","..","..","..","..","..","..","..","..","..",".."
"Full-time employment 12","Seasonally adjusted  (x 1,000)","8,285.1","8,292.8","8,291.1","8,318.6","8,344.2","8,377.8","8,415.4","8,451.6","8,477.5","8,498.1","8,519.4","8,526.8","8,558.0","8,548.0","8,591.0","8,617.9","8,587.1","8,607.0","8,622.0","8,594.7","8,617.9","8,620.6","8,669.9","8,682.4","8,664.2","8,684.3","8,704.7","8,720.6","8,714.3","8,712.3","8,725.3","8,754.5","8,763.2","8,760.6","8,733.7","8,776.5","8,804.4","8,847.6","8,611.6","7,705.6","7,885.1","8,245.0","8,281.0","8,368.2","8,550.5","8,503.0","8,555.6","8,593.7","8,603.0","8,632.8","8,706.8","8,670.3","8,667.3","8,680.4","8,670.2","8,699.4","8,759.9","8,785.8","8,823.9","8,956.5","8,943.6","9,013.4","9,036.2","9,046.9","9,074.3","9,078.9","9,127.3","9,115.7","9,115.6","9,168.2","9,199.7","9,187.5","9,231.8","9,240.6","9,299.5","9,281.6","9,287.9","9,344.3","9,344.7","9,406.9","9,399.4","9,412.9","9,413.9","9,435.7","9,404.0","9,465.4","9,473.3","9,521.1","9,474.5","9,504.7","9,535.7","9,517.2","9,548.4","9,561.6","9,618.4","9,647.0","9,671.4","9,649.1","9,612.1","9,611.7","9,637.1","9,648.3","9,615.9","9,615.1","9,697.3","9,644.2","9,631.7","9,695.9","9,725.6","9,631.0","9,613.9","9,578.4","9,655.1","9,654.1","6,296.4","6,376.6","6,386.0","6,392.8","6,421.4","6,428.0","6,463.2","6,351.0","6,442.9","6,442.1","6,471.6","6,481.0","6,509.8","6,484.6","6,527.8","6,544.0","6,528.2","6,535.6","6,569.0","6,604.4","6,579.6","6,633.4","6,619.7","6,617.9","6,617.2","6,654.8","6,640.5","6,689.6","6,719.6","6,750.1","6,739.9","6,759.3","6,771.3","6,742.7","6,736.7","6,780.1","6,773.9","6,759.5","6,465.3","5,907.4","5,985.1","6,214.3","6,299.9","6,346.7","6,529.0","6,559.3","6,634.0","6,623.7","6,602.6","6,666.1","6,747.5","6,702.2","6,670.4","6,703.9","6,770.9","6,808.1","6,932.1","6,942.9","6,977.1","6,964.3","6,926.7","7,017.0","7,001.1","7,037.4","7,136.0","7,133.4","7,119.3","7,101.3","7,096.7","7,101.6","7,146.2","7,239.3","7,283.1","7,316.3","7,325.0","7,322.9","7,312.6","7,374.3","7,387.4","7,396.9","7,395.5","7,410.1","7,432.2","7,413.5","7,420.8","7,432.5","7,445.4","7,403.1","7,423.5","7,417.0","7,460.3","7,432.5","7,498.0","7,488.8","7,493.7","7,505.0","7,504.7","7,507.2","7,498.7","7,509.0","7,537.5","7,543.5","7,540.0","7,537.6","7,557.9","7,588.9","7,596.6","7,583.8","7,599.0","7,585.2","7,601.3","7,590.0","7,667.3","7,668.9"
,"Trend-cycle 9","..","..","..","..","..","..","..","..","..","..","..","..","..","..","..","..","..","..","..","..","..","..","..","..","..","..","..","..","..","..","..","..","..","..","..","..","..","..","..","..","..","..","..","..","..","..","..","..","..","..","..","..","..","..","..","..","..","..","..","..","..","..","..","..","..","..","..","..","..","..","..","..","..","..","..","..","..","..","..","..","..","..","..","..","..","..","..","..","..","..","..","..","..","..","..","..","..","..","..","..","..","..","..","..","..","..","..","..","..","..","..","..","..","..","..","..","..","..","..","..","..","..","..","..","..","..","..","..","..","..","..","..","..","..","..","..","..","..","..","..","..","..","..","..","..","..","..","..","..","..","..","..","..","..","..","..","..","..","..","..","..","..","..","..","..","..","..","..","..","..","..","..","..","..","..","..","..","..","..","..","..","..","..","..","..","..","..","..","..","..","..","..","..","..","..","..","..","..","..","..","..","..","..","..","..","..","..","..","..","..","..","..","..","..","..","..","..","..","..","..","..","..","..","..","..","..","..",".."
"Part-time employment 13","Seasonally adjusted  (x 1,000)","1,258.3","1,288.2","1,303.8","1,304.1","1,283.7","1,270.8","1,263.4","1,259.3","1,219.4","1,233.6","1,255.7","1,287.0","1,241.8","1,243.6","1,237.8","1,193.6","1,227.2","1,245.3","1,234.2","1,215.5","1,265.9","1,259.2","1,252.8","1,248.0","1,292.1","1,278.7","1,264.7","1,314.1","1,312.2","1,314.0","1,320.2","1,317.1","1,308.7","1,300.5","1,309.7","1,313.3","1,292.2","1,272.2","1,062.3","880.6","928.7","1,083.2","1,214.2","1,235.9","1,245.1","1,307.4","1,264.3","1,222.1","1,160.1","1,241.3","1,282.4","1,220.9","1,216.8","1,281.8","1,355.2","1,344.6","1,354.6","1,360.7","1,384.3","1,307.0","1,229.1","1,288.1","1,298.0","1,312.4","1,269.3","1,266.2","1,254.9","1,283.5","1,281.8","1,273.8","1,257.7","1,311.9","1,316.4","1,323.9","1,319.0","1,348.4","1,360.6","1,368.2","1,370.9","1,351.2","1,380.1","1,397.1","1,409.5","1,393.4","1,439.7","1,400.7","1,406.9","1,404.9","1,444.4","1,403.5","1,392.2","1,437.1","1,416.3","1,414.7","1,386.9","1,421.6","1,415.1","1,435.6","1,438.0","1,474.5","1,434.5","1,464.9","1,478.7","1,455.4","1,410.8","1,481.4","1,531.3","1,478.8","1,417.0","1,446.3","1,487.3","1,502.8","1,448.2","1,465.1","2,332.8","2,259.0","2,260.5","2,256.2","2,263.6","2,294.8","2,274.9","2,374.5","2,302.7","2,301.3","2,303.9","2,325.0","2,267.3","2,294.1","2,273.6","2,257.5","2,279.2","2,289.7","2,338.7","2,290.0","2,334.1","2,301.7","2,327.1","2,344.4","2,347.1","2,348.0","2,323.1","2,329.3","2,321.3","2,302.1","2,287.1","2,302.9","2,299.6","2,327.1","2,316.7","2,316.6","2,334.2","2,323.6","1,918.9","1,592.3","1,611.8","1,926.8","2,100.4","2,178.5","2,231.3","2,246.7","2,196.1","2,152.1","2,026.5","2,091.8","2,136.3","2,080.4","2,069.1","2,228.3","2,220.1","2,229.6","2,204.5","2,198.7","2,251.9","2,281.0","2,206.0","2,310.4","2,312.5","2,313.0","2,283.8","2,272.4","2,286.0","2,280.7","2,302.0","2,339.2","2,320.2","2,259.8","2,266.2","2,262.4","2,271.2","2,289.3","2,292.7","2,238.2","2,253.9","2,268.7","2,298.1","2,281.8","2,266.5","2,288.0","2,287.5","2,295.2","2,295.2","2,345.9","2,364.8","2,383.0","2,337.0","2,373.5","2,333.3","2,339.8","2,343.0","2,361.0","2,395.7","2,393.6","2,415.5","2,371.5","2,365.3","2,384.0","2,383.7","2,348.5","2,343.8","2,369.0","2,376.2","2,387.5","2,379.6","2,374.8","2,349.0","2,362.5","2,350.9","2,351.6"
,"Trend-cycle 9","..","..","..","..","..","..","..","..","..","..","..","..","..","..","..","..","..","..","..","..","..","..","..","..","..","..","..","..","..","..","..","..","..","..","..","..","..","..","..","..","..","..","..","..","..","..","..","..","..","..","..","..","..","..","..","..","..","..","..","..","..","..","..","..","..","..","..","..","..","..","..","..","..","..","..","..","..","..","..","..","..","..","..","..","..","..","..","..","..","..","..","..","..","..","..","..","..","..","..","..","..","..","..","..","..","..","..","..","..","..","..","..","..","..","..","..","..","..","..","..","..","..","..","..","..","..","..","..","..","..","..","..","..","..","..","..","..","..","..","..","..","..","..","..","..","..","..","..","..","..","..","..","..","..","..","..","..","..","..","..","..","..","..","..","..","..","..","..","..","..","..","..","..","..","..","..","..","..","..","..","..","..","..","..","..","..","..","..","..","..","..","..","..","..","..","..","..","..","..","..","..","..","..","..","..","..","..","..","..","..","..","..","..","..","..","..","..","..","..","..","..","..","..","..","..","..","..",".."
"Unemployment 14","Seasonally adjusted  (x 1,000)","767.0","737.8","751.6","727.2","750.1","717.2","686.2","677.2","693.9","692.4","672.8","668.3","648.8","661.2","645.9","643.9","634.6","648.6","656.3","657.5","622.5","616.8","628.4","623.6","646.3","669.0","658.9","645.2","632.9","645.1","655.0","667.6","620.4","630.7","665.1","639.7","607.4","658.4","808.9","1,314.0","1,443.6","1,317.2","1,247.7","1,164.7","1,034.0","1,020.4","965.8","967.5","957.8","891.2","848.8","882.6","874.9","895.0","859.1","817.1","802.3","727.0","714.3","663.4","688.3","630.8","572.8","609.2","601.1","558.0","548.5","581.7","575.5","558.2","584.0","573.8","593.3","588.5","584.6","596.7","592.2","615.0","614.6","616.6","644.3","678.3","690.1","692.5","672.1","717.2","758.2","741.5","760.4","791.4","787.3","821.9","822.4","824.3","868.6","826.0","816.4","827.3","839.8","855.5","873.4","861.1","887.6","902.2","872.2","848.4","802.7","843.9","783.0","811.1","821.7","842.2","813.0","802.0","572.1","558.1","556.1","545.9","552.7","558.6","550.5","548.1","531.5","554.3","543.0","530.0","520.1","527.1","509.1","500.3","525.6","535.0","516.1","538.7","528.2","501.7","508.1","506.2","501.5","496.1","517.3","509.3","470.1","476.2","507.1","498.7","519.0","512.9","531.8","500.0","514.1","523.5","858.1","1,231.7","1,276.9","1,191.1","950.8","870.1","828.3","814.6","790.9","845.2","905.6","837.8","728.1","794.5","806.3","724.9","664.9","650.0","652.2","609.2","547.9","569.0","637.1","504.9","542.1","507.4","483.1","469.4","458.6","502.2","491.1","514.3","474.8","477.3","490.4","507.8","494.6","484.0","519.1","538.3","557.6","548.0","537.2","557.6","563.2","570.8","574.4","583.8","592.2","619.1","620.4","631.6","635.0","638.3","613.4","643.1","691.1","676.6","678.9","656.5","680.8","698.0","697.6","687.3","672.3","687.9","723.9","702.3","681.2","707.8","674.5","703.1","693.5","724.3","669.4","667.2"
,"Trend-cycle 9","..","..","..","..","..","..","..","..","..","..","..","..","..","..","..","..","..","..","..","..","..","..","..","..","..","..","..","..","..","..","..","..","..","..","..","..","..","..","..","..","..","..","..","..","..","..","..","..","..","..","..","..","..","..","..","..","..","..","..","..","..","..","..","..","..","..","..","..","..","..","..","..","..","..","..","..","..","..","..","..","..","..","..","..","..","..","..","..","..","..","..","..","..","..","..","..","..","..","..","..","..","..","..","..","..","..","..","..","..","..","..","..","..","..","..","..","..","..","..","..","..","..","..","..","..","..","..","..","..","..","..","..","..","..","..","..","..","..","..","..","..","..","..","..","..","..","..","..","..","..","..","..","..","..","..","..","..","..","..","..","..","..","..","..","..","..","..","..","..","..","..","..","..","..","..","..","..","..","..","..","..","..","..","..","..","..","..","..","..","..","..","..","..","..","..","..","..","..","..","..","..","..","..","..","..","..","..","..","..","..","..","..","..","..","..","..","..","..","..","..","..","..","..","..","..","..","..",".."
,,"Percent",,,,,,,,,,,,,,,,,,,,,,,,,,,,,,,,,,,,,,,,,,,,,,,,,,,,,,,,,,,,,,,,,,,,,,,,,,,,,,,,,,,,,,,,,,,,,,,,,,,,,,,,,,,,,,,,,,,,,,,,,,,,,,,,,,,,,,,,,,,,,,,,,,,,,,,,,,,,,,,,,,,,,,,,,,,,,,,,,,,,,,,,,,,,,,,,,,,,,,,,,,,,,,,,,,,,,,,,,,,,,,,,,,,
"Unemployment rate 15","Seasonally adjusted","7.4","7.2","7.3","7.0","7.2","6.9","6.6","6.5","6.7","6.6","6.4","6.4","6.2","6.3","6.2","6.2","6.1","6.2","6.2","6.3","5.9","5.9","6.0","5.9","6.1","6.3","6.2","6.0","5.9","6.0","6.1","6.2","5.8","5.9","6.2","6.0","5.7","6.1","7.7","13.3","14.1","12.4","11.6","10.8","9.5","9.4","9.0","9.0","8.9","8.3","7.8","8.2","8.1","8.2","7.9","7.5","7.3","6.7","6.5","6.1","6.3","5.8","5.3","5.6","5.5","5.1","5.0","5.3","5.2","5.1","5.3","5.2","5.3","5.3","5.2","5.3","5.3","5.4","5.4","5.4","5.6","5.9","6.0","6.0","5.8","6.2","6.5","6.4","6.5","6.8","6.7","7.0","7.0","7.0","7.3","6.9","6.9","6.9","7.1","7.2","7.3","7.2","7.4","7.5","7.3","7.1","6.7","7.0","6.6","6.8","6.9","7.1","6.8","6.7","6.2","6.1","6.0","5.9","6.0","6.0","5.9","5.9","5.7","6.0","5.8","5.7","5.6","5.7","5.5","5.4","5.6","5.7","5.5","5.7","5.6","5.3","5.4","5.3","5.3","5.2","5.5","5.3","4.9","5.0","5.3","5.2","5.4","5.4","5.5","5.2","5.3","5.4","9.3","14.1","14.4","12.8","10.2","9.3","8.6","8.5","8.2","8.8","9.5","8.7","7.6","8.3","8.4","7.5","6.9","6.7","6.7","6.2","5.6","5.8","6.5","5.1","5.5","5.1","4.9","4.8","4.6","5.1","5.0","5.2","4.8","4.8","4.9","5.0","4.9","4.8","5.1","5.3","5.5","5.4","5.3","5.4","5.5","5.6","5.6","5.7","5.7","6.0","6.0","6.1","6.1","6.1","5.9","6.1","6.6","6.4","6.4","6.2","6.4","6.6","6.6","6.5","6.3","6.5","6.8","6.6","6.4","6.6","6.3","6.6","6.5","6.8","6.3","6.2"
,"Trend-cycle 9","..","..","..","..","..","..","..","..","..","..","..","..","..","..","..","..","..","..","..","..","..","..","..","..","..","..","..","..","..","..","..","..","..","..","..","..","..","..","..","..","..","..","..","..","..","..","..","..","..","..","..","..","..","..","..","..","..","..","..","..","..","..","..","..","..","..","..","..","..","..","..","..","..","..","..","..","..","..","..","..","..","..","..","..","..","..","..","..","..","..","..","..","..","..","..","..","..","..","..","..","..","..","..","..","..","..","..","..","..","..","..","..","..","..","..","..","..","..","..","..","..","..","..","..","..","..","..","..","..","..","..","..","..","..","..","..","..","..","..","..","..","..","..","..","..","..","..","..","..","..","..","..","..","..","..","..","..","..","..","..","..","..","..","..","..","..","..","..","..","..","..","..","..","..","..","..","..","..","..","..","..","..","..","..","..","..","..","..","..","..","..","..","..","..","..","..","..","..","..","..","..","..","..","..","..","..","..","..","..","..","..","..","..","..","..","..","..","..","..","..","..","..","..","..","..","..","..",".."
"Participation rate 16","Seasonally adjusted","70.7","70.7","70.8","70.7","70.8","70.6","70.5","70.6","70.5","70.7","70.7","70.9","70.6","70.5","70.6","70.3","70.2","70.4","70.4","70.0","70.2","70.0","70.3","70.3","70.5","70.7","70.6","70.8","70.6","70.6","70.7","70.8","70.4","70.3","70.3","70.3","70.1","70.4","68.4","64.6","66.8","69.3","69.8","69.9","70.3","70.2","69.9","69.9","69.4","69.7","70.1","69.7","69.6","70.1","70.2","70.0","70.3","69.9","70.1","70.1","69.6","69.9","69.7","70.0","69.7","69.3","69.4","69.6","69.4","69.4","69.6","69.7","69.9","69.8","69.9","69.9","69.8","70.1","69.9","69.9","70.0","70.2","70.2","70.0","69.7","69.9","70.0","69.9","69.8","69.7","69.5","69.7","69.5","69.4","69.8","69.7","69.7","69.6","69.4","69.6","69.5","69.6","69.6","69.5","69.5","69.4","69.3","69.6","69.1","68.8","69.0","69.0","69.0","68.9","61.4","61.3","61.3","61.2","61.4","61.6","61.6","61.4","61.4","61.4","61.5","61.6","61.2","61.2","61.2","61.0","61.2","61.3","61.6","61.6","61.6","61.5","61.5","61.6","61.5","61.7","61.5","61.7","61.5","61.6","61.5","61.6","61.7","61.5","61.5","61.5","61.6","61.4","59.0","55.7","56.6","59.4","59.5","59.7","60.9","61.1","61.1","61.0","60.5","60.8","60.9","60.7","60.4","61.1","61.0","61.1","61.7","61.4","61.5","61.6","61.3","61.6","61.6","61.6","61.8","61.5","61.3","61.3","61.3","61.6","61.4","61.5","61.8","61.9","61.8","61.7","61.7","61.7","61.8","61.7","61.7","61.6","61.6","61.5","61.4","61.4","61.3","61.4","61.4","61.4","61.2","61.1","61.0","61.0","61.2","61.2","61.3","61.1","61.2","61.0","61.1","61.1","60.9","60.7","61.0","61.1","61.0","61.2","61.0","61.0","60.9","61.1","61.1","61.1"
,"Trend-cycle 9","..","..","..","..","..","..","..","..","..","..","..","..","..","..","..","..","..","..","..","..","..","..","..","..","..","..","..","..","..","..","..","..","..","..","..","..","..","..","..","..","..","..","..","..","..","..","..","..","..","..","..","..","..","..","..","..","..","..","..","..","..","..","..","..","..","..","..","..","..","..","..","..","..","..","..","..","..","..","..","..","..","..","..","..","..","..","..","..","..","..","..","..","..","..","..","..","..","..","..","..","..","..","..","..","..","..","..","..","..","..","..","..","..","..","..","..","..","..","..","..","..","..","..","..","..","..","..","..","..","..","..","..","..","..","..","..","..","..","..","..","..","..","..","..","..","..","..","..","..","..","..","..","..","..","..","..","..","..","..","..","..","..","..","..","..","..","..","..","..","..","..","..","..","..","..","..","..","..","..","..","..","..","..","..","..","..","..","..","..","..","..","..","..","..","..","..","..","..","..","..","..","..","..","..","..","..","..","..","..","..","..","..","..","..","..","..","..","..","..","..","..","..","..","..","..","..","..",".."
"Employment rate 17","Seasonally adjusted","65.4","65.6","65.6","65.7","65.7","65.8","65.9","66.0","65.8","66.0","66.2","66.4","66.2","66.0","66.2","66.0","65.9","66.1","66.0","65.6","66.0","65.9","66.2","66.1","66.2","66.2","66.2","66.5","66.4","66.3","66.3","66.4","66.3","66.1","65.9","66.1","66.1","66.1","63.1","56.0","57.4","60.7","61.7","62.4","63.6","63.6","63.6","63.6","63.2","63.9","64.6","64.0","63.9","64.3","64.7","64.7","65.1","65.2","65.6","65.8","65.2","65.9","66.0","66.1","65.9","65.8","65.9","65.9","65.8","65.9","65.9","66.1","66.2","66.1","66.3","66.2","66.1","66.3","66.1","66.1","66.1","66.1","66.0","65.8","65.6","65.6","65.5","65.5","65.2","65.0","64.8","64.8","64.7","64.6","64.6","64.9","64.9","64.8","64.5","64.6","64.5","64.6","64.4","64.3","64.4","64.5","64.7","64.7","64.5","64.2","64.3","64.1","64.3","64.3","57.6","57.6","57.6","57.6","57.7","57.9","57.9","57.8","57.8","57.8","57.9","58.1","57.8","57.7","57.8","57.7","57.7","57.8","58.2","58.1","58.1","58.2","58.2","58.3","58.2","58.4","58.1","58.4","58.5","58.5","58.2","58.4","58.3","58.2","58.1","58.3","58.3","58.1","53.5","47.8","48.4","51.8","53.4","54.2","55.6","55.9","56.0","55.7","54.7","55.5","56.3","55.6","55.3","56.5","56.8","57.0","57.6","57.6","58.0","58.1","57.3","58.4","58.3","58.4","58.8","58.6","58.5","58.2","58.2","58.4","58.5","58.6","58.8","58.8","58.8","58.7","58.5","58.4","58.4","58.4","58.5","58.3","58.2","58.1","57.9","57.9","57.8","57.7","57.8","57.7","57.5","57.4","57.4","57.2","57.2","57.3","57.4","57.3","57.3","57.0","57.1","57.1","57.0","56.8","56.8","57.1","57.1","57.1","57.1","57.0","56.9","56.9","57.3","57.2"
,"Trend-cycle 9","..","..","..","..","..","..","..","..","..","..","..","..","..","..","..","..","..","..","..","..","..","..","..","..","..","..","..","..","..","..","..","..","..","..","..","..","..","..","..","..","..","..","..","..","..","..","..","..","..","..","..","..","..","..","..","..","..","..","..","..","..","..","..","..","..","..","..","..","..","..","..","..","..","..","..","..","..","..","..","..","..","..","..","..","..","..","..","..","..","..","..","..","..","..","..","..","..","..","..","..","..","..","..","..","..","..","..","..","..","..","..","..","..","..","..","..","..","..","..","..","..","..","..","..","..","..","..","..","..","..","..","..","..","..","..","..","..","..","..","..","..","..","..","..","..","..","..","..","..","..","..","..","..","..","..","..","..","..","..","..","..","..","..","..","..","..","..","..","..","..","..","..","..","..","..","..","..","..","..","..","..","..","..","..","..","..","..","..","..","..","..","..","..","..","..","..","..","..","..","..","..","..","..","..","..","..","..","..","..","..","..","..","..","..","..","..","..","..","..","..","..","..","..","..","..","..","..",".."

Symbol legend:
.., not available for a specific reference period




Footnotes:
1,"Fluctuations in economic time series are caused by seasonal, cyclical and irregular movements. A seasonally adjusted series is one from which seasonal movements have been eliminated. Seasonal movements are defined as those which are caused by regular annual events such as climate, holidays, vacation periods and cycles related to crops, production and retail sales associated with Christmas and Easter. It should be noted that the seasonally adjusted series contain irregular as well as longer-term cyclical fluctuations. The seasonal adjustment program differentiates between these seasonal, cyclical and irregular movements in a series over a number of years and, on the basis of past movements, estimates appropriate seasonal factors for current data. On an annual basis, the historic series of seasonally adjusted data are revised in light of the most recent information on changes in seasonality. For more information on seasonal adjustment see <a href=https://www150.statcan.gc.ca/n1/pub/19-20-0001/192000012026001-eng.htm rel="external noopener noreferrer" target="_blank">Seasonal adjustment: Concepts and interpretation (opens new window).</a>."
2,"To ensure respondent confidentiality, estimates below a certain threshold are suppressed. For Canada, Quebec, Ontario, Alberta and British Columbia suppression is applied to all data below 1,500. The threshold level for Newfoundland and Labrador, Nova Scotia, New Brunswick, Manitoba and Saskatchewan is 500, while in Prince Edward Island, estimates under 200 are suppressed. For census metropolitan areas (CMAs) and economic regions (ERs), use their respective provincial suppression levels mentioned above. Estimates are based on smaller sample sizes the more detailed the table becomes, which could result in lower data quality."
3,"Starting in 2006, enhancements to the Labour Force Survey data processing system may have introduced a level shift in some estimates, particularly for less common labour force characteristics. Use caution when comparing estimates before and after 2006. For more information, contact statcan.labour-travail.statcan@statcan.gc.ca"
4,"Excluding the territories."
5,"Gender refers to an individual's personal and social identity as a man, woman or non-binary person (a person who is not exclusively a man or a woman). Some people may not identify with a specific gender and a person's gender may change over time. Gender includes the following concepts: gender identity, which refers to the gender that a person feels internally and individually; gender expression, which refers to the way a person presents their gender, regardless of their gender identity, through body language, aesthetic choices or accessories (e.g., clothes, hairstyle and makeup), which may have traditionally been associated with a specific gender. A person's gender may differ from their sex at birth, and from what is indicated on their current identification or legal documents such as their birth certificate, passport or driver's license. LFS started collecting gender of person in 2022. Prior to 2022, LFS only collected information on sex of person (male or female), as declared by the respondent or recorded by the interviewer. The sex variable prior to 2022 and the two-category gender variable since 2022 are combined in this table. Although sex and gender refer to two different concepts, the introduction of gender is not expected to have a significant impact on data analysis and historical comparability, given the small size of the transgender and non-binary populations."
6,"Given that the non-binary population is small, data aggregation to a two-category gender variable is necessary to protect the confidentiality of responses provided. Individuals in the category “non-binary persons” are distributed into the other two gender categories and are denoted by the “+” symbol. The category “Men+” includes men, as well as some non-binary persons, while the category “Women+” includes women, as well as some non-binary persons."
7,"Number of persons of working age, 15 years and over. Estimates in thousands, rounded to the nearest hundred."
8,"From December 2000 to January 2001, there is a slight level shift in the population series. This is due to the 2015 population rebasing, which was revised back to 2001. This level shift is evident for certain age groups and in two provinces (Manitoba and Saskatchewan). These shifts are minor for labour force estimates and rates."
10,"Number of civilian, non-institutionalized persons 15 years of age and over who, during the reference week, were employed or unemployed. Estimates in thousands, rounded to the nearest hundred."
11,"Number of persons who, during the reference week, worked for pay or profit, or performed unpaid family work or had a job but were not at work due to own illness or disability, personal or family responsibilities, labour dispute, vacation, or other reason. Those persons on layoff and persons without work but who had a job to start at a definite date in the future are not considered employed. Estimates in thousands, rounded to the nearest hundred."
12,"Full-time employment consists of persons who usually work 30 hours or more per week at their main or only job. Estimates in thousands, rounded to the nearest hundred."
13,"Part-time employment consists of persons who usually work less than 30 hours per week at their main or only job. Estimates in thousands, rounded to the nearest hundred."
14,"Number of persons who, during the reference week, were without work, had looked for work in the past four weeks, and were available for work. Those persons on layoff or who had a new job to start in four weeks or less are considered unemployed. Estimates in thousands, rounded to the nearest hundred."
15,"The unemployment rate is the number of unemployed persons expressed as a percentage of the labour force. The unemployment rate for a particular group (age, gender, marital status, etc.) is the number unemployed in that group expressed as a percentage of the labour force for that group. Estimates are percentages, rounded to the nearest tenth."
16,"The participation rate is the number of labour force participants expressed as a percentage of the population 15 years of age and over. The participation rate for a particular group (age, gender, marital status, etc.) is the number of labour force participants in that group expressed as a percentage of the population for that group. Estimates are percentages, rounded to the nearest tenth."
17,"The employment rate is the number of persons employed expressed as a percentage of the population 15 years of age and over. The employment rate for a particular group (age, gender, marital status, etc.) is the number employed in that group expressed as a percentage of the population for that group. Estimates are percentages, rounded to the nearest tenth."
9,"These data represent a smoothed version of the seasonally adjusted time series. They provide information on longer-term movements, including changes in direction underlying the series. For more information, see <a href="https://www150.statcan.gc.ca/n1/pub/19-20-0001/192000012026002-eng.htm">Trend-cycle estimation: concepts, interpretation, and calculation, 2026 (opens new window)</a>."



"How to cite: Statistics Canada. Table 14-10-0287-01  Labour force characteristics, monthly, seasonally adjusted and trend-cycle"
https://www150.statcan.gc.ca/t1/tbl1/en/tv.action?pid=1410028701